{
    "nom":"Balcon",
    "dnom":"le balcon",
    "description":"Le balcon surplombait la compagne. En bois, assez robuste mais aussi grossier, il s'agit du genre de balcon qui inspire confiance. Malgr\u00e8s ses barri\u00e8res mal ajust\u00e9es, tu te sens en s\u00e9curit\u00e9e m\u00eame avec plusieurs dizaines de m\u00e8tres de d\u00e9nivel\u00e9 en dessous de toi.",
    "pdescription":"Le balcon a l'air rassurant, assez solide.",
    "image":"https://cdn.discordapp.com/attachments/773592639734808657/773606887811579955/2020-11-04_18.57.16.png",
    "salles":[
        "salles/maison/hall.json"
    ]
}