{
    "nom":"Chambre",
    "dnom":"la chambre",
    "description": "La chambre, avec un lit aux draps bruns et une lanterne sur la table de chevet contient un coffre. IL doit s'agir de la pi\u00e8ce la plus lumineuse de la maison, car la lanterne \u00e9claire beacoups.",
    "pdescription":"La chambre contient un lit en un coffre",
    "image":"https://cdn.discordapp.com/attachments/773592639734808657/773607622254395463/2020-11-04_19.00.17.png",
    "salles":[
        "salles/maison/couloir_rdc.json"
    ]
}