{
    "nom":"Hall",
    "dnom":"le hall d'entr\u00e9e",
    "description":"Le hall d'entr\u00e9e a trois porte : une pour aller sur le balcon, deux autres pour aller dans deux couloirs. Cette pi\u00e8ce, de taille modeste, donne sur le balcon, fait \u00e9tonnant puisqu'il s'agit en g\u00e9n\u00e9ral de la pi\u00e8ce qui donne sur le porche...",
    "pdescription":"Le hall d'entr\u00e9e, plac\u00e9 bizarement apr\u00e8s le balcon, donne sur deux autres portes.",
    "image":"https://cdn.discordapp.com/attachments/773592639734808657/773607184876568617/2020-11-04_18.58.32.png",
    "salles":[
        "salles/maison/balcon.json",
        "salles/maison/couloir_cave.json",
        "salles/maison/couloir_rdc.json"
    ]
}